team,group,mean_pts,mean_gd,r32,r16,qf,sf,finals,champ,date
Algeria,J,3.8486,-0.5141,0.6933,0.2332,0.0856,0.0274,0.0073,0.0019,2026-06-10
Argentina,J,7.0404,4.6599,0.9777,0.6393,0.4701,0.3227,0.2082,0.1203,2026-06-10
Australia,D,4.3631,0.3624,0.7384,0.3755,0.1508,0.0537,0.0202,0.0073,2026-06-10
Austria,J,3.8997,-0.4209,0.7011,0.2359,0.087,0.0289,0.0101,0.0027,2026-06-10
Belgium,G,6.181,3.1754,0.9401,0.6684,0.4066,0.1983,0.1005,0.0448,2026-06-10
Bosnia and Herzegovina,B,2.8747,-1.957,0.4921,0.154,0.0357,0.0057,7e-4,2e-4,2026-06-10
Brazil,C,6.9279,5.1473,0.9862,0.736,0.5501,0.3741,0.2463,0.1595,2026-06-10
Canada,B,5.8976,2.7572,0.9286,0.4653,0.1612,0.0523,0.0153,0.0038,2026-06-10
Cape Verde,H,1.805,-3.983,0.2474,0.0514,0.0077,0.001,0,0,2026-06-10
Colombia,K,5.4294,1.8228,0.8869,0.5541,0.3177,0.1684,0.0798,0.0365,2026-06-10
Croatia,L,5.3195,1.8367,0.8914,0.4603,0.226,0.1004,0.0401,0.0175,2026-06-10
Curaçao,E,1.1956,-5.7627,0.1253,0.0156,0.0015,1e-4,0,0,2026-06-10
Czechia,A,3.7245,-0.5559,0.6477,0.2633,0.0771,0.0202,0.0032,7e-4,2026-06-10
DR Congo,K,2.4729,-2.4579,0.3851,0.1089,0.032,0.0086,0.0022,6e-4,2026-06-10
Ecuador,E,5.1478,1.6159,0.8887,0.4798,0.2054,0.0892,0.0361,0.0132,2026-06-10
Egypt,G,3.8179,-0.3654,0.6701,0.3152,0.1138,0.0377,0.0138,0.0038,2026-06-10
England,L,6.7744,4.2139,0.9735,0.6888,0.4704,0.2753,0.1603,0.0905,2026-06-10
France,I,6.2134,3.136,0.9424,0.6526,0.3931,0.2364,0.1259,0.0651,2026-06-10
Germany,E,6.3607,4.2338,0.9681,0.6332,0.3348,0.1824,0.0902,0.041,2026-06-10
Ghana,L,2.4845,-2.6145,0.4023,0.0893,0.0199,0.0035,5e-4,2e-4,2026-06-10
Haiti,C,1.3301,-5.5302,0.1554,0.0271,0.0046,3e-4,0,0,2026-06-10
Iran,G,4.4731,0.4666,0.7831,0.4181,0.1704,0.0615,0.0221,0.0056,2026-06-10
Iraq,I,1.9109,-3.3549,0.2664,0.0671,0.0171,0.0033,5e-4,0,2026-06-10
Ivory Coast,E,4.0223,-0.08700000000000001,0.7453,0.3112,0.1016,0.0313,0.0097,0.0026,2026-06-10
Japan,F,4.7178,0.8506,0.7918,0.3406,0.189,0.0909,0.0393,0.016,2026-06-10
Jordan,J,1.9786,-3.7249,0.2871,0.0549,0.0097,0.0018,2e-4,1e-4,2026-06-10
Mexico,A,5.9382,2.5603,0.92,0.4977,0.2018,0.07,0.0237,0.0087,2026-06-10
Morocco,C,5.2831,1.8319,0.9057,0.517,0.3152,0.1708,0.0805,0.0372,2026-06-10
Netherlands,F,5.4241,1.9316,0.8678,0.4217,0.2754,0.1468,0.0696,0.0298,2026-06-10
New Zealand,G,2.003,-3.2766,0.2743,0.07,0.0119,0.0021,2e-4,0,2026-06-10
Norway,I,4.2299,0.08020000000000001,0.7415,0.3509,0.1401,0.0552,0.0185,0.0059,2026-06-10
Panama,L,2.1523,-3.4361,0.3222,0.0608,0.0137,0.0027,5e-4,0,2026-06-10
Paraguay,D,3.41,-0.8953,0.5754,0.2436,0.0795,0.0245,0.007,0.0023,2026-06-10
Portugal,K,6.0055,2.8387,0.9316,0.6438,0.4115,0.2348,0.1277,0.0634,2026-06-10
Qatar,B,2.1143,-3.5818,0.3193,0.0764,0.0127,0.0016,2e-4,0,2026-06-10
Saudi Arabia,H,2.6092,-2.4627,0.4247,0.113,0.0287,0.006,0.0013,5e-4,2026-06-10
Scotland,C,3.247,-1.449,0.6044,0.1994,0.0669,0.0193,0.0039,0.001,2026-06-10
Senegal,I,4.2293,0.1387,0.7375,0.3549,0.152,0.0639,0.0245,0.0096,2026-06-10
South Africa,A,2.5115,-2.2793,0.3995,0.1167,0.0254,0.0042,6e-4,1e-4,2026-06-10
South Korea,A,4.287,0.2749,0.744,0.3487,0.1226,0.0377,0.0109,0.0022,2026-06-10
Spain,H,7.0728,4.8866,0.9855,0.7238,0.5088,0.3692,0.2329,0.1469,2026-06-10
Sweden,F,3.5718,-0.927,0.6127,0.1974,0.0913,0.0348,0.0116,0.0039,2026-06-10
Switzerland,B,5.8471,2.7816,0.9279,0.5798,0.2686,0.1137,0.046,0.0148,2026-06-10
Tunisia,F,2.8012,-1.8552,0.4516,0.1212,0.0474,0.0141,0.0035,0.0014,2026-06-10
Turkiye,D,3.506,-0.9594,0.5905,0.2521,0.0795,0.0248,0.0068,0.0017,2026-06-10
United States,D,5.1347,1.4923,0.8347,0.5077,0.2343,0.099,0.042,0.0143,2026-06-10
Uruguay,H,5.2321,1.5591,0.8927,0.4414,0.2361,0.1194,0.054,0.022,2026-06-10
Uzbekistan,K,2.6133,-2.2036,0.421,0.1229,0.0377,0.01,0.0016,4e-4,2026-06-10
Algeria,J,3.8814,-0.4531,0.692,0.2361,0.0939,0.0312,0.0087,0.0021,2026-06-11
Argentina,J,7.0207,4.5589,0.9758,0.646,0.4697,0.3216,0.2121,0.123,2026-06-11
Australia,D,4.3418,0.3405,0.7365,0.3772,0.1507,0.0572,0.0229,0.008,2026-06-11
Austria,J,3.8979,-0.4096,0.6982,0.2276,0.0854,0.0288,0.0084,0.0024,2026-06-11
Belgium,G,6.1929,3.188,0.9391,0.6776,0.4103,0.1971,0.0992,0.0459,2026-06-11
Bosnia and Herzegovina,B,2.9008,-1.9526,0.4996,0.1626,0.0366,0.0071,9e-4,0,2026-06-11
Brazil,C,6.9074,5.1187,0.9862,0.734,0.5518,0.3794,0.242,0.1579,2026-06-11
Canada,B,5.8519,2.7001,0.9285,0.4649,0.1653,0.0514,0.0146,0.0038,2026-06-11
Cape Verde,H,1.8421,-3.9175,0.2492,0.0503,0.0093,0.0012,2e-4,1e-4,2026-06-11
Colombia,K,5.4403,1.8835,0.8893,0.5573,0.3169,0.1676,0.0806,0.0376,2026-06-11
Croatia,L,5.3235,1.8603,0.8948,0.4592,0.2244,0.1019,0.0415,0.0165,2026-06-11
Curaçao,E,1.1909,-5.7869,0.1237,0.0177,0.0019,1e-4,0,0,2026-06-11
Czechia,A,2.4916,-1.3532,0.4992,0.1783,0.0603,0.0131,0.0029,6e-4,2026-06-11
DR Congo,K,2.4921,-2.4364,0.3896,0.1141,0.0306,0.0075,0.0013,6e-4,2026-06-11
Ecuador,E,5.21,1.6729,0.8881,0.4805,0.2024,0.0966,0.0373,0.0135,2026-06-11
Egypt,G,3.8407,-0.3674,0.6742,0.3147,0.1113,0.039,0.0143,0.0032,2026-06-11
England,L,6.7624,4.1656,0.9737,0.6871,0.4719,0.2817,0.1632,0.0953,2026-06-11
France,I,6.1472,3.0751,0.9353,0.6339,0.3876,0.2381,0.1267,0.066,2026-06-11
Germany,E,6.3577,4.2334,0.9696,0.6428,0.3399,0.1753,0.0878,0.0412,2026-06-11
Ghana,L,2.5032,-2.5975,0.4052,0.0945,0.0244,0.0054,0.0017,1e-4,2026-06-11
Haiti,C,1.3352,-5.5425,0.1577,0.0226,0.0039,3e-4,0,0,2026-06-11
Iran,G,4.4714,0.468,0.7776,0.4133,0.1719,0.0669,0.0242,0.0069,2026-06-11
Iraq,I,1.9344,-3.3525,0.2673,0.0613,0.0124,0.0022,3e-4,1e-4,2026-06-11
Ivory Coast,E,3.98,-0.1194,0.738,0.2998,0.0984,0.0303,0.0093,0.0024,2026-06-11
Japan,F,4.7102,0.814,0.7866,0.336,0.1916,0.0908,0.0399,0.0162,2026-06-11
Jordan,J,1.9586,-3.6962,0.28,0.0529,0.0122,0.0023,5e-4,2e-4,2026-06-11
Mexico,A,6.7764,3.4312,0.9899,0.5317,0.2008,0.0697,0.0249,0.0071,2026-06-11
Morocco,C,5.3457,1.9011,0.9081,0.518,0.3161,0.1693,0.0804,0.0351,2026-06-11
Netherlands,F,5.4407,1.9554,0.868,0.4241,0.2679,0.1418,0.0666,0.03,2026-06-11
New Zealand,G,2.0007,-3.2886,0.2836,0.074,0.0137,0.0018,3e-4,0,2026-06-11
Norway,I,4.2243,0.0964,0.7468,0.356,0.1431,0.0564,0.0199,0.0073,2026-06-11
Panama,L,2.1495,-3.4284,0.3211,0.0592,0.0126,0.0022,1e-4,0,2026-06-11
Paraguay,D,3.3963,-0.9217,0.5743,0.2334,0.0762,0.0229,0.007,0.0019,2026-06-11
Portugal,K,5.9688,2.753,0.9276,0.6335,0.3966,0.2205,0.1215,0.062,2026-06-11
Qatar,B,2.0653,-3.6141,0.3055,0.0727,0.0116,7e-4,1e-4,0,2026-06-11
Saudi Arabia,H,2.6137,-2.4553,0.4229,0.1134,0.0284,0.008,0.0019,5e-4,2026-06-11
Scotland,C,3.2139,-1.4773,0.6004,0.2022,0.0666,0.0176,0.0047,8e-4,2026-06-11
Senegal,I,4.2566,0.181,0.7458,0.3625,0.1535,0.0604,0.0224,0.0068,2026-06-11
South Africa,A,1.928,-3.1267,0.2824,0.074,0.0196,0.0031,6e-4,1e-4,2026-06-11
South Korea,A,5.7472,1.0487,0.9444,0.4602,0.1551,0.0499,0.0116,0.0029,2026-06-11
Spain,H,7.0212,4.8414,0.9829,0.725,0.5097,0.3655,0.2319,0.1433,2026-06-11
Sweden,F,3.598,-0.8636,0.6122,0.1986,0.0889,0.0337,0.0111,0.003,2026-06-11
Switzerland,B,5.9045,2.8666,0.9354,0.5728,0.2593,0.1113,0.0451,0.0146,2026-06-11
Tunisia,F,2.7741,-1.9058,0.4473,0.1242,0.0461,0.0134,0.0031,8e-4,2026-06-11
Turkiye,D,3.5131,-0.9137,0.5899,0.2531,0.0808,0.0248,0.0075,0.002,2026-06-11
United States,D,5.1544,1.4949,0.8402,0.4999,0.2393,0.0999,0.0422,0.0154,2026-06-11
Uruguay,H,5.2164,1.5314,0.8883,0.4432,0.2405,0.1221,0.0543,0.0225,2026-06-11
Uzbekistan,K,2.6326,-2.2001,0.428,0.126,0.0386,0.0109,0.0023,3e-4,2026-06-11
Algeria,J,3.8667,-0.485,0.6946,0.2255,0.0843,0.0251,0.0076,0.0025,2026-06-12
Argentina,J,7.0461,4.6164,0.9792,0.6389,0.4669,0.3234,0.2066,0.1211,2026-06-12
Australia,D,4.2987,0.3252,0.7355,0.3809,0.1493,0.0584,0.0204,0.0074,2026-06-12
Austria,J,3.8688,-0.4425,0.6916,0.2421,0.0949,0.0305,0.0081,0.0025,2026-06-12
Belgium,G,6.1618,3.1689,0.9402,0.6804,0.4058,0.1987,0.0997,0.0466,2026-06-12
Bosnia and Herzegovina,B,3.2219,-0.8504,0.5786,0.1767,0.0391,0.0046,9e-4,2e-4,2026-06-12
Brazil,C,6.9731,5.176,0.9865,0.7371,0.5515,0.3771,0.2431,0.1557,2026-06-12
Canada,B,4.7302,1.62,0.8727,0.432,0.1521,0.0481,0.0139,0.0038,2026-06-12
Cape Verde,H,1.8432,-3.9693,0.25,0.0474,0.0074,0.001,1e-4,0,2026-06-12
Colombia,K,5.4518,1.8774,0.8922,0.5612,0.3232,0.17,0.0836,0.0382,2026-06-12
Croatia,L,5.2676,1.7607,0.8883,0.4517,0.2195,0.0944,0.0377,0.0155,2026-06-12
Curaçao,E,1.1999,-5.74,0.1288,0.018,0.0018,0,0,0,2026-06-12
Czechia,A,2.5262,-1.3271,0.5067,0.1847,0.0594,0.0143,0.0029,6e-4,2026-06-12
DR Congo,K,2.4717,-2.4903,0.383,0.1113,0.0316,0.008,0.002,3e-4,2026-06-12
Ecuador,E,5.1597,1.606,0.8862,0.4794,0.2063,0.0942,0.0364,0.0131,2026-06-12
Egypt,G,3.8385,-0.3527,0.6792,0.3123,0.1093,0.0355,0.0108,0.0024,2026-06-12
England,L,6.8286,4.2381,0.9766,0.6916,0.4701,0.2786,0.1624,0.0947,2026-06-12
France,I,6.152,3.0704,0.9355,0.6413,0.3909,0.2345,0.1265,0.0645,2026-06-12
Germany,E,6.3628,4.2385,0.9697,0.6358,0.3425,0.1835,0.0919,0.0425,2026-06-12
Ghana,L,2.4839,-2.5827,0.4075,0.0923,0.0236,0.0054,0.0011,1e-4,2026-06-12
Haiti,C,1.325,-5.5477,0.1549,0.0225,0.0033,4e-4,0,0,2026-06-12
Iran,G,4.4939,0.4909,0.7854,0.4171,0.1701,0.0637,0.0251,0.008,2026-06-12
Iraq,I,1.9569,-3.3193,0.2756,0.0677,0.018,0.0044,6e-4,1e-4,2026-06-12
Ivory Coast,E,3.9984,-0.1045,0.7361,0.3038,0.0946,0.0325,0.0095,0.0029,2026-06-12
Japan,F,4.697,0.8133,0.7874,0.3358,0.188,0.0897,0.0409,0.0146,2026-06-12
Jordan,J,1.9736,-3.6889,0.2901,0.0594,0.0138,0.0014,3e-4,0,2026-06-12
Mexico,A,6.7614,3.4176,0.9905,0.541,0.207,0.0753,0.0251,0.0095,2026-06-12
Morocco,C,5.2857,1.8503,0.9023,0.5098,0.3087,0.1666,0.0788,0.0363,2026-06-12
Netherlands,F,5.4359,1.9792,0.8694,0.4196,0.2704,0.1469,0.0704,0.0325,2026-06-12
New Zealand,G,1.9984,-3.3071,0.2788,0.0758,0.0145,0.0023,4e-4,0,2026-06-12
Norway,I,4.197,0.07730000000000001,0.7373,0.3456,0.139,0.0559,0.019,0.0066,2026-06-12
Panama,L,2.1563,-3.4161,0.3224,0.0614,0.0139,0.0026,4e-4,1e-4,2026-06-12
Paraguay,D,2.4784,-3.3137,0.3763,0.1415,0.0394,0.0125,0.004,0.001,2026-06-12
Portugal,K,5.9979,2.7874,0.9319,0.6317,0.4004,0.226,0.1205,0.0583,2026-06-12
Qatar,B,2.1155,-3.5828,0.3207,0.071,0.0136,0.0014,2e-4,0,2026-06-12
Saudi Arabia,H,2.5867,-2.4777,0.4277,0.1098,0.0278,0.0074,0.0016,0,2026-06-12
Scotland,C,3.225,-1.4786,0.6018,0.2017,0.0653,0.0201,0.0049,8e-4,2026-06-12
Senegal,I,4.2518,0.1716,0.7438,0.3613,0.1538,0.0632,0.0236,0.0097,2026-06-12
South Africa,A,1.936,-3.1223,0.2819,0.0726,0.0178,0.0026,5e-4,1e-4,2026-06-12
South Korea,A,5.7254,1.0318,0.9385,0.4628,0.1533,0.0452,0.0135,0.0038,2026-06-12
Spain,H,7.0589,4.8991,0.9854,0.7233,0.504,0.3652,0.2317,0.141,2026-06-12
Sweden,F,3.5706,-0.9242,0.6082,0.2001,0.0916,0.0312,0.0093,0.0037,2026-06-12
Switzerland,B,5.8767,2.8132,0.9296,0.5632,0.2558,0.1074,0.0452,0.0167,2026-06-12
Tunisia,F,2.818,-1.8683,0.4538,0.1269,0.0481,0.0156,0.0049,5e-4,2026-06-12
Turkiye,D,3.5349,-0.9313,0.6029,0.2506,0.0771,0.0214,0.0059,8e-4,2026-06-12
United States,D,6.3649,3.9198,0.9763,0.6142,0.3014,0.125,0.0518,0.0184,2026-06-12
Uruguay,H,5.2188,1.5479,0.892,0.4473,0.2411,0.1186,0.0548,0.0224,2026-06-12
Uzbekistan,K,2.5961,-2.1745,0.4164,0.1219,0.0387,0.0102,0.0014,5e-4,2026-06-12
Algeria,J,3.8532,-0.4907,0.6875,0.2263,0.0845,0.0277,0.0078,0.0022,2026-06-13
Argentina,J,7.0582,4.637,0.9775,0.6479,0.4727,0.3224,0.2062,0.1209,2026-06-13
Australia,D,5.7431,2.0225,0.956,0.5148,0.2027,0.0743,0.0273,0.0094,2026-06-13
Austria,J,3.867,-0.4369,0.695,0.2345,0.0902,0.0308,0.0075,0.0015,2026-06-13
Belgium,G,6.1873,3.2002,0.9404,0.6692,0.3994,0.1954,0.0967,0.0425,2026-06-13
Bosnia and Herzegovina,B,3.2269,-0.8666,0.5773,0.1753,0.0374,0.0067,0.0013,2e-4,2026-06-13
Brazil,C,6.2093,4.7068,0.9865,0.7383,0.5525,0.3806,0.2493,0.157,2026-06-13
Canada,B,4.7453,1.5873,0.8747,0.4364,0.1534,0.05,0.017,0.0041,2026-06-13
Cape Verde,H,1.868,-3.8934,0.2471,0.0454,0.0087,0.0011,2e-4,0,2026-06-13
Colombia,K,5.4628,1.9002,0.8859,0.5485,0.3102,0.1595,0.0757,0.0353,2026-06-13
Croatia,L,5.3167,1.8343,0.892,0.4652,0.2227,0.0963,0.0386,0.0162,2026-06-13
Curaçao,E,1.1849,-5.796,0.1221,0.016,0.001,1e-4,0,0,2026-06-13
Czechia,A,2.5388,-1.3103,0.5073,0.1854,0.0636,0.0138,0.0034,6e-4,2026-06-13
DR Congo,K,2.4846,-2.4475,0.3892,0.1135,0.0336,0.0098,0.0022,4e-4,2026-06-13
Ecuador,E,5.2016,1.6632,0.8899,0.4738,0.2115,0.097,0.0393,0.0159,2026-06-13
Egypt,G,3.8074,-0.4029,0.67490000000000006,0.3155,0.1077,0.0341,0.0115,0.0032,2026-06-13
England,L,6.7734,4.1629,0.9738,0.6867,0.4705,0.2764,0.1599,0.0946,2026-06-13
France,I,6.164,3.1007,0.9369,0.6411,0.3867,0.2346,0.132,0.0684,2026-06-13
Germany,E,6.3444,4.2312,0.9689,0.6286,0.3307,0.1788,0.0896,0.0394,2026-06-13
Ghana,L,2.5145,-2.579,0.4008,0.09,0.0231,0.0041,7e-4,1e-4,2026-06-13
Haiti,C,0.5522,-5.6158,0.0308,0.0053,5e-4,1e-4,0,0,2026-06-13
Iran,G,4.4867,0.5056,0.7859,0.4159,0.1698,0.0652,0.0249,0.0071,2026-06-13
Iraq,I,1.9158,-3.371,0.2718,0.0686,0.016,0.0036,0.001,0,2026-06-13
Ivory Coast,E,4.0004,-0.0984,0.7325,0.3008,0.0996,0.0329,0.0095,0.0026,2026-06-13
Japan,F,4.7092,0.8118,0.787,0.3299,0.1882,0.0893,0.0366,0.0141,2026-06-13
Jordan,J,1.9796,-3.7094,0.2874,0.059,0.0132,0.0017,2e-4,0,2026-06-13
Mexico,A,6.7527,3.4058,0.9896,0.5365,0.2044,0.0719,0.0264,0.0097,2026-06-13
Morocco,C,5.3598,2.3815,0.936,0.5296,0.325,0.1711,0.0789,0.0358,2026-06-13
Netherlands,F,5.4553,1.9753,0.8722,0.4216,0.2694,0.1445,0.0698,0.0338,2026-06-13
New Zealand,G,1.9846,-3.3029,0.2784,0.0762,0.0138,0.0023,5e-4,0,2026-06-13
Norway,I,4.1959,0.046,0.7353,0.3428,0.1391,0.0587,0.0194,0.0064,2026-06-13
Panama,L,2.1425,-3.4182,0.3116,0.0572,0.0126,0.0021,4e-4,0,2026-06-13
Paraguay,D,2.4587,-3.3376,0.3762,0.1387,0.0434,0.0145,0.0046,0.0013,2026-06-13
Portugal,K,5.9843,2.7466,0.9264,0.6407,0.4116,0.2317,0.1258,0.06,2026-06-13
Qatar,B,2.6383,-1.8732,0.4143,0.0981,0.0178,0.0016,3e-4,0,2026-06-13
Saudi Arabia,H,2.5984,-2.4776,0.4214,0.1081,0.0278,0.0059,0.0012,2e-4,2026-06-13
Scotland,C,4.2028,-1.4725,0.7766,0.261,0.0882,0.0259,0.0063,0.0014,2026-06-13
Senegal,I,4.2926,0.2243,0.7464,0.3623,0.1535,0.065,0.0244,0.0089,2026-06-13
South Africa,A,1.925,-3.1303,0.2814,0.0736,0.0167,0.0027,4e-4,1e-4,2026-06-13
South Korea,A,5.7462,1.0348,0.938,0.4581,0.1526,0.0473,0.0123,0.0032,2026-06-13
Spain,H,7.0142,4.861,0.9843,0.7221,0.5064,0.3637,0.2296,0.1426,2026-06-13
Sweden,F,3.5598,-0.8919,0.6022,0.1926,0.0843,0.0309,0.0104,0.0032,2026-06-13
Switzerland,B,4.5041,1.1525,0.8273,0.5014,0.2306,0.0987,0.0413,0.0158,2026-06-13
Tunisia,F,2.7942,-1.8952,0.4493,0.1275,0.0467,0.0142,0.004,0.0012,2026-06-13
Turkiye,D,2.3674,-2.6141,0.3807,0.1391,0.0389,0.0127,0.0032,7e-4,2026-06-13
United States,D,6.3523,3.9292,0.9755,0.619,0.2954,0.1205,0.0471,0.0173,2026-06-13
Uruguay,H,5.2043,1.51,0.8843,0.4385,0.2358,0.1182,0.0525,0.0221,2026-06-13
Uzbekistan,K,2.5932,-2.1993,0.4135,0.1234,0.0359,0.0096,0.0028,6e-4,2026-06-13
Algeria,J,3.8365,-0.5272,0.6806,0.2274,0.0882,0.0282,0.0077,0.0019,2026-06-14
Argentina,J,7.0427,4.5909,0.9798,0.6427,0.4666,0.3202,0.2071,0.1184,2026-06-14
Australia,D,5.7924,2.0629,0.9545,0.5025,0.195,0.0681,0.0263,0.0089,2026-06-14
Austria,J,3.9032,-0.424,0.6906,0.2344,0.0879,0.0294,0.0094,0.002,2026-06-14
Belgium,G,6.1903,3.1821,0.941,0.6781,0.4035,0.2002,0.1016,0.0447,2026-06-14
Bosnia and Herzegovina,B,3.2079,-0.8638,0.569,0.1696,0.0343,0.0063,0.0013,1e-4,2026-06-14
Brazil,C,6.2064,4.6846,0.9879,0.7312,0.5511,0.3763,0.2449,0.1587,2026-06-14
Canada,B,4.7025,1.5671,0.8707,0.4381,0.1541,0.0511,0.0165,0.003,2026-06-14
Cape Verde,H,1.8414,-3.9158,0.2368,0.0447,0.0071,0.0011,2e-4,0,2026-06-14
Colombia,K,5.4655,1.8737,0.8871,0.5512,0.3163,0.1641,0.0814,0.0386,2026-06-14
Croatia,L,5.2798,1.8043,0.8839,0.4611,0.2199,0.0973,0.0402,0.0162,2026-06-14
Curaçao,E,1.0146,-8.7708,0.0694,0.0087,0.001,2e-4,0,0,2026-06-14
Czechia,A,2.5094,-1.3586,0.4966,0.1851,0.0578,0.0153,0.0029,8e-4,2026-06-14
DR Congo,K,2.4832,-2.4603,0.3864,0.11,0.03,0.0067,0.0014,6e-4,2026-06-14
Ecuador,E,3.5487,0.2657,0.7489,0.3927,0.178,0.0756,0.0309,0.0137,2026-06-14
Egypt,G,3.81,-0.3642,0.6713,0.3038,0.1042,0.0338,0.011,0.002,2026-06-14
England,L,6.8154,4.286,0.9752,0.6861,0.4668,0.2793,0.164,0.0984,2026-06-14
France,I,6.1843,3.105,0.941,0.6412,0.3879,0.2317,0.1263,0.0653,2026-06-14
Germany,E,6.6109,7.2746,0.9965,0.6539,0.3444,0.1934,0.094,0.0408,2026-06-14
Ghana,L,2.4968,-2.6502,0.3898,0.0876,0.0223,0.0045,7e-4,1e-4,2026-06-14
Haiti,C,0.5443,-5.6294,0.0301,0.0044,9e-4,2e-4,0,0,2026-06-14
Iran,G,4.4779,0.4722,0.7797,0.4143,0.1731,0.0588,0.021,0.0065,2026-06-14
Iraq,I,1.9308,-3.3641,0.2614,0.0638,0.0156,0.0029,5e-4,0,2026-06-14
Ivory Coast,E,5.9485,1.2305,0.9439,0.3855,0.1177,0.0391,0.0115,0.0035,2026-06-14
Japan,F,4.5141,1.0716,0.8116,0.3474,0.1962,0.0937,0.0399,0.0155,2026-06-14
Jordan,J,1.9831,-3.6397,0.2852,0.0577,0.0126,0.0026,4e-4,1e-4,2026-06-14
Mexico,A,6.7947,3.4435,0.9888,0.5225,0.2018,0.0716,0.0248,0.0093,2026-06-14
Morocco,C,5.3489,2.3648,0.9351,0.532,0.3209,0.1685,0.0784,0.0325,2026-06-14
Netherlands,F,4.8622,1.6847,0.8667,0.4118,0.2665,0.1441,0.0698,0.0316,2026-06-14
New Zealand,G,2.0003,-3.2901,0.273,0.0729,0.015,0.0018,1e-4,0,2026-06-14
Norway,I,4.201,0.0692,0.7346,0.3537,0.1462,0.0593,0.0219,0.0076,2026-06-14
Panama,L,2.142,-3.4401,0.3119,0.059,0.013,0.0011,0,0,2026-06-14
Paraguay,D,2.4488,-3.3467,0.3634,0.1426,0.0457,0.0162,0.0051,0.0015,2026-06-14
Portugal,K,6.0163,2.8137,0.9293,0.6288,0.3998,0.2283,0.1227,0.0614,2026-06-14
Qatar,B,2.6542,-1.8818,0.4169,0.0987,0.0163,0.0018,1e-4,0,2026-06-14
Saudi Arabia,H,2.5843,-2.4743,0.4135,0.1135,0.0295,0.0069,0.0011,0,2026-06-14
Scotland,C,4.2275,-1.42,0.7738,0.2691,0.092,0.0281,0.007,0.0017,2026-06-14
Senegal,I,4.2465,0.1899,0.7394,0.3594,0.1525,0.0602,0.0204,0.0076,2026-06-14
South Africa,A,1.9378,-3.1202,0.2789,0.0724,0.0159,0.0018,3e-4,1e-4,2026-06-14
South Korea,A,5.7242,1.0353,0.9354,0.4537,0.15310000000000001,0.049,0.0137,0.0033,2026-06-14
Spain,H,7.0784,4.881,0.9873,0.7237,0.4992,0.3612,0.2262,0.1397,2026-06-14
Sweden,F,5.007,2.8219,0.9486,0.3176,0.1506,0.0518,0.0175,0.0058,2026-06-14
Switzerland,B,4.529,1.1785,0.8324,0.4978,0.2259,0.0958,0.0372,0.0135,2026-06-14
Tunisia,F,1.637,-5.5782,0.1643,0.0427,0.0141,0.0055,0.0016,3e-4,2026-06-14
Turkiye,D,2.3554,-2.6459,0.3714,0.138,0.047,0.0147,0.0045,0.0011,2026-06-14
United States,D,6.356,3.9297,0.9764,0.616,0.2942,0.1243,0.0498,0.0205,2026-06-14
Uruguay,H,5.1973,1.5091,0.8834,0.431,0.2323,0.1186,0.0547,0.0224,2026-06-14
Uzbekistan,K,2.5905,-2.2271,0.4066,0.1199,0.036,0.0093,0.002,3e-4,2026-06-14
Algeria,J,3.8523,-0.5158,0.6854,0.2494,0.0928,0.0313,0.01,0.0031,2026-06-15
Argentina,J,7.0258,4.6097,0.9746,0.6586,0.4871,0.3296,0.2123,0.1272,2026-06-15
Australia,D,5.7577,2.0398,0.9505,0.514,0.2008,0.0722,0.0275,0.0087,2026-06-15
Austria,J,3.9062,-0.4083,0.6813,0.2466,0.0939,0.0327,0.0102,0.0027,2026-06-15
Belgium,G,5.2533,2.3921,0.9236,0.6602,0.3945,0.2008,0.0998,0.0438,2026-06-15
Bosnia and Herzegovina,B,3.2361,-0.8597,0.5794,0.175,0.0379,0.0057,0.0011,1e-4,2026-06-15
Brazil,C,6.1938,4.6741,0.9835,0.727,0.5516,0.3823,0.2528,0.163,2026-06-15
Canada,B,4.7299,1.6043,0.8722,0.4326,0.148,0.0464,0.0147,0.0036,2026-06-15
Cape Verde,H,2.6119,-1.5853,0.393,0.071,0.0128,0.0017,2e-4,0,2026-06-15
Colombia,K,5.4024,1.8506,0.8787,0.5487,0.3219,0.166,0.0786,0.036,2026-06-15
Croatia,L,5.2839,1.7945,0.8879,0.4667,0.2308,0.1095,0.0426,0.0181,2026-06-15
Curaçao,E,1.0085,-8.7994,0.074,0.0091,0.0013,1e-4,0,0,2026-06-15
Czechia,A,2.515,-1.3306,0.489,0.1804,0.0589,0.0134,0.0023,7e-4,2026-06-15
DR Congo,K,2.5056,-2.4454,0.3849,0.1104,0.0314,0.0079,0.0022,7e-4,2026-06-15
Ecuador,E,3.5261,0.245,0.7445,0.3918,0.1757,0.0735,0.0316,0.0131,2026-06-15
Egypt,G,4.0091,0.393,0.7341,0.3489,0.1247,0.039,0.0131,0.0035,2026-06-15
England,L,6.7724,4.2326,0.9721,0.6762,0.4612,0.2707,0.1598,0.0955,2026-06-15
France,I,6.1418,3.0686,0.9396,0.6439,0.3847,0.2305,0.1287,0.0667,2026-06-15
Germany,E,6.608,7.2604,0.9951,0.6473,0.3507,0.1939,0.0929,0.0411,2026-06-15
Ghana,L,2.4943,-2.6245,0.3906,0.0829,0.0183,0.0036,6e-4,0,2026-06-15
Haiti,C,0.5452,-5.6288,0.03,0.004,4e-4,0,0,0,2026-06-15
Iran,G,3.4478,-0.4261,0.6159,0.3239,0.1358,0.0498,0.0166,0.004,2026-06-15
Iraq,I,1.9291,-3.3356,0.2618,0.0682,0.0139,0.0031,8e-4,0,2026-06-15
Ivory Coast,E,5.9849,1.294,0.9422,0.3849,0.1189,0.0423,0.0124,0.0031,2026-06-15
Japan,F,4.5135,1.0732,0.8161,0.3403,0.1903,0.0932,0.0407,0.0148,2026-06-15
Jordan,J,1.987,-3.6856,0.2803,0.0607,0.0112,0.0016,3e-4,1e-4,2026-06-15
Mexico,A,6.738,3.3832,0.9867,0.5369,0.2108,0.0766,0.0265,0.0087,2026-06-15
Morocco,C,5.3438,2.3482,0.9344,0.542,0.3291,0.1717,0.077,0.0323,2026-06-15
Netherlands,F,4.8903,1.7079,0.8684,0.4207,0.27,0.1446,0.0705,0.0337,2026-06-15
New Zealand,G,2.2773,-2.359,0.301,0.0815,0.0134,0.0025,4e-4,0,2026-06-15
Norway,I,4.2425,0.0739,0.7417,0.3606,0.1427,0.0581,0.0191,0.0072,2026-06-15
Panama,L,2.1792,-3.4026,0.3156,0.0564,0.0137,0.002,3e-4,0,2026-06-15
Paraguay,D,2.4444,-3.3438,0.3637,0.1368,0.0432,0.0144,0.0042,0.001,2026-06-15
Portugal,K,5.9855,2.7769,0.9273,0.6318,0.4008,0.2219,0.1218,0.0578,2026-06-15
Qatar,B,2.6472,-1.8743,0.4158,0.0971,0.0166,0.0016,1e-4,0,2026-06-15
Saudi Arabia,H,2.9086,-1.5759,0.4955,0.1284,0.0347,0.0072,0.0013,2e-4,2026-06-15
Scotland,C,4.2314,-1.3935,0.7873,0.2657,0.0885,0.0255,0.0068,0.0018,2026-06-15
Senegal,I,4.2429,0.1931,0.7332,0.3618,0.1517,0.0642,0.0237,0.008,2026-06-15
South Africa,A,1.9457,-3.1009,0.2823,0.076,0.0182,0.0036,7e-4,2e-4,2026-06-15
South Korea,A,5.7523,1.0483,0.9342,0.4543,0.1524,0.0503,0.0139,0.0035,2026-06-15
Spain,H,5.3664,2.5388,0.9303,0.6717,0.47,0.3358,0.2172,0.1342,2026-06-15
Sweden,F,4.9885,2.7993,0.9424,0.3154,0.1503,0.0533,0.0158,0.0044,2026-06-15
Switzerland,B,4.4887,1.1297,0.8275,0.4971,0.2278,0.0978,0.0398,0.0127,2026-06-15
Tunisia,F,1.6464,-5.5804,0.1677,0.0473,0.0183,0.0057,0.0015,1e-4,2026-06-15
Turkiye,D,2.3851,-2.6078,0.3731,0.1392,0.0426,0.0122,0.0031,7e-4,2026-06-15
United States,D,6.3392,3.9118,0.9745,0.6196,0.2991,0.1306,0.0515,0.0221,2026-06-15
Uruguay,H,4.1658,0.6224,0.8066,0.4139,0.2196,0.1094,0.0507,0.0209,2026-06-15
Uzbekistan,K,2.6332,-2.1821,0.4105,0.1231,0.037,0.0102,0.0023,9e-4,2026-06-15
Algeria,J,3.2825,-2.1969,0.5769,0.2005,0.0737,0.0247,0.0085,0.0023,2026-06-16
Argentina,J,7.7551,6.2399,0.9969,0.6714,0.4938,0.3371,0.2175,0.1277,2026-06-16
Australia,D,5.7563,2.036,0.9501,0.52,0.2018,0.0755,0.0272,0.0085,2026-06-16
Austria,J,3.9471,-0.3765,0.6999,0.2445,0.0901,0.0301,0.0095,0.0019,2026-06-16
Belgium,G,5.2642,2.43,0.9258,0.6632,0.3914,0.197,0.1002,0.0442,2026-06-16
Bosnia and Herzegovina,B,3.2493,-0.846,0.5829,0.1757,0.039,0.0068,6e-4,1e-4,2026-06-16
Brazil,C,6.1881,4.6744,0.9856,0.7318,0.5521,0.3748,0.2454,0.1563,2026-06-16
Canada,B,4.7337,1.6033,0.8756,0.4321,0.1537,0.0463,0.0152,0.0038,2026-06-16
Cape Verde,H,2.6174,-1.5922,0.3977,0.0738,0.0153,0.0028,6e-4,0,2026-06-16
Colombia,K,5.5001,1.9235,0.8928,0.5653,0.3391,0.1747,0.0834,0.0378,2026-06-16
Croatia,L,5.3067,1.8443,0.8867,0.4506,0.2198,0.1008,0.0387,0.0148,2026-06-16
Curaçao,E,1.0144,-8.7814,0.0712,0.0079,9e-4,2e-4,0,0,2026-06-16
Czechia,A,2.5283,-1.3279,0.494,0.1804,0.0615,0.016,0.0038,7e-4,2026-06-16
DR Congo,K,2.4691,-2.4932,0.3787,0.1099,0.0318,0.0065,0.0018,4e-4,2026-06-16
Ecuador,E,3.5262,0.2475,0.7424,0.3839,0.1791,0.0732,0.0308,0.0116,2026-06-16
Egypt,G,4.017,0.3907,0.7392,0.3442,0.1201,0.0391,0.013,0.004,2026-06-16
England,L,6.7917,4.2358,0.9726,0.6851,0.4692,0.2761,0.1659,0.0969,2026-06-16
France,I,7.3263,4.4317,0.9909,0.6893,0.4164,0.2548,0.1369,0.0724,2026-06-16
Germany,E,6.6201,7.2869,0.9961,0.6473,0.3305,0.1801,0.0863,0.0407,2026-06-16
Ghana,L,2.4943,-2.6199,0.3964,0.0868,0.0227,0.0059,0.001,0,2026-06-16
Haiti,C,0.5459,-5.6267,0.0299,0.0046,8e-4,2e-4,0,0,2026-06-16
Iran,G,3.4476,-0.4378,0.6178,0.3231,0.1224,0.0433,0.0155,0.0047,2026-06-16
Iraq,I,1.1927,-5.3687,0.1132,0.0253,0.0065,6e-4,1e-4,0,2026-06-16
Ivory Coast,E,5.9557,1.247,0.9457,0.3821,0.1127,0.0405,0.0102,0.0026,2026-06-16
Japan,F,4.5289,1.0792,0.8148,0.3369,0.1901,0.0901,0.0392,0.0156,2026-06-16
Jordan,J,1.9789,-3.6665,0.2854,0.0605,0.0115,0.0021,4e-4,1e-4,2026-06-16
Mexico,A,6.739,3.4082,0.9869,0.5417,0.2091,0.0723,0.024,0.0098,2026-06-16
Morocco,C,5.3588,2.3873,0.9351,0.5408,0.3265,0.1687,0.0795,0.0352,2026-06-16
Netherlands,F,4.877,1.6921,0.8686,0.4096,0.2622,0.138,0.0673,0.0302,2026-06-16
New Zealand,G,2.2663,-2.3829,0.2947,0.0834,0.0168,0.0036,6e-4,1e-4,2026-06-16
Norway,I,5.2062,2.1587,0.9589,0.4696,0.1847,0.0733,0.0248,0.0074,2026-06-16
Panama,L,2.1618,-3.4602,0.3179,0.0602,0.0152,0.0023,4e-4,0,2026-06-16
Paraguay,D,2.4447,-3.3572,0.3721,0.1405,0.0415,0.0148,0.0052,0.0014,2026-06-16
Portugal,K,5.9492,2.7683,0.9275,0.6316,0.4086,0.2246,0.1238,0.0601,2026-06-16
Qatar,B,2.6277,-1.8962,0.4081,0.0954,0.0159,0.0016,2e-4,0,2026-06-16
Saudi Arabia,H,2.9008,-1.574,0.4995,0.1289,0.0338,0.0086,0.0021,5e-4,2026-06-16
Scotland,C,4.2259,-1.435,0.7878,0.2609,0.0843,0.0277,0.0066,0.0018,2026-06-16
Senegal,I,3.3209,-1.2217,0.6135,0.2874,0.123,0.0461,0.0176,0.0069,2026-06-16
South Africa,A,1.9161,-3.1425,0.2772,0.0788,0.0181,0.0031,4e-4,0,2026-06-16
South Korea,A,5.7614,1.0622,0.9408,0.4675,0.1556,0.05,0.0146,0.0043,2026-06-16
Spain,H,5.3938,2.5614,0.9384,0.6895,0.4839,0.3463,0.2206,0.1353,2026-06-16
Sweden,F,4.9961,2.8196,0.943,0.3096,0.1443,0.0529,0.0171,0.0055,2026-06-16
Switzerland,B,4.4835,1.1389,0.8182,0.4889,0.2277,0.0995,0.0395,0.0156,2026-06-16
Tunisia,F,1.6337,-5.5909,0.1672,0.0414,0.0154,0.0048,6e-4,0,2026-06-16
Turkiye,D,2.3822,-2.5972,0.3814,0.1434,0.0427,0.0146,0.0037,8e-4,2026-06-16
United States,D,6.3526,3.9184,0.9756,0.6125,0.2911,0.1275,0.0486,0.0193,2026-06-16
Uruguay,H,4.1507,0.6048,0.8099,0.3986,0.2145,0.1104,0.0493,0.0184,2026-06-16
Uzbekistan,K,2.625,-2.1986,0.4185,0.1236,0.0391,0.01,0.0018,3e-4,2026-06-16
Algeria,J,3.3366,-2.156,0.5824,0.2154,0.0783,0.0247,0.0066,0.0018,2026-06-17
Argentina,J,7.7831,6.2656,0.9975,0.6807,0.5013,0.3441,0.223,0.1317,2026-06-17
Australia,D,5.7608,2.026,0.9524,0.5181,0.2003,0.0757,0.0283,0.01,2026-06-17
Austria,J,4.9616,0.7744,0.9139,0.3141,0.1245,0.0421,0.0139,0.0038,2026-06-17
Belgium,G,5.2599,2.4093,0.9233,0.6671,0.3942,0.2029,0.095,0.0427,2026-06-17
Bosnia and Herzegovina,B,3.2144,-0.8533,0.5671,0.172,0.0377,0.0074,0.0017,5e-4,2026-06-17
Brazil,C,6.2051,4.6501,0.9862,0.7328,0.5524,0.3676,0.2464,0.1561,2026-06-17
Canada,B,4.7083,1.5664,0.866,0.429,0.1559,0.0484,0.0152,0.004,2026-06-17
Cape Verde,H,2.5957,-1.5882,0.3932,0.0758,0.0141,0.002,3e-4,0,2026-06-17
Colombia,K,6.3922,2.9283,0.9835,0.6492,0.3966,0.201,0.1002,0.0454,2026-06-17
Croatia,L,4.3522,0.4219,0.8314,0.402,0.183,0.0859,0.0357,0.0128,2026-06-17
Curaçao,E,1.0337,-8.7708,0.0681,0.0075,7e-4,0,0,0,2026-06-17
Czechia,A,2.5065,-1.3481,0.4815,0.175,0.0561,0.0151,0.0035,7e-4,2026-06-17
DR Congo,K,2.9224,-1.1424,0.4835,0.1344,0.0399,0.0108,0.0026,6e-4,2026-06-17
Ecuador,E,3.5421,0.2689,0.7476,0.3835,0.1675,0.0711,0.0281,0.0097,2026-06-17
Egypt,G,3.9884,0.3763,0.7358,0.3395,0.1194,0.0406,0.0128,0.0023,2026-06-17
England,L,7.9808,5.6259,0.9965,0.7199,0.5129,0.2975,0.1751,0.1028,2026-06-17
France,I,7.3467,4.4385,0.9899,0.6923,0.4214,0.2544,0.1373,0.0717,2026-06-17
Germany,E,6.6143,7.2716,0.9956,0.648,0.334,0.1852,0.0893,0.0407,2026-06-17
Ghana,L,4.053,-1.7272,0.6947,0.1438,0.0372,0.0082,0.0012,2e-4,2026-06-17
Haiti,C,0.5556,-5.6132,0.0292,0.0057,8e-4,2e-4,0,0,2026-06-17
Iran,G,3.4812,-0.3953,0.6171,0.3224,0.1316,0.0507,0.0185,0.006,2026-06-17
Iraq,I,1.2158,-5.3479,0.1075,0.0241,0.0056,9e-4,3e-4,0,2026-06-17
Ivory Coast,E,5.9332,1.2303,0.9428,0.3777,0.1145,0.0399,0.0127,0.0033,2026-06-17
Japan,F,4.5244,1.0705,0.8169,0.343,0.1967,0.0929,0.0417,0.0164,2026-06-17
Jordan,J,1.1187,-4.884,0.1264,0.034,0.0082,0.0011,5e-4,1e-4,2026-06-17
Mexico,A,6.7509,3.4162,0.9879,0.5318,0.1936,0.0714,0.0238,0.0075,2026-06-17
Morocco,C,5.3675,2.394,0.9358,0.531,0.3252,0.1671,0.0788,0.0364,2026-06-17
Netherlands,F,4.8713,1.7029,0.8711,0.4096,0.2573,0.1348,0.0635,0.0284,2026-06-17
New Zealand,G,2.2664,-2.3903,0.2928,0.0842,0.0148,0.0019,2e-4,0,2026-06-17
Norway,I,5.1822,2.1281,0.9565,0.4625,0.1755,0.0697,0.025,0.0084,2026-06-17
Panama,L,0.8802,-4.3206,0.0923,0.0185,0.0053,0.0011,0,0,2026-06-17
Paraguay,D,2.454,-3.3345,0.3658,0.1355,0.0382,0.0123,0.0043,0.001,2026-06-17
Portugal,K,4.7274,1.4365,0.8673,0.5989,0.3657,0.2039,0.1069,0.0528,2026-06-17
Qatar,B,2.6732,-1.8727,0.421,0.0969,0.0166,0.0018,2e-4,1e-4,2026-06-17
Saudi Arabia,H,2.9262,-1.573,0.5016,0.1252,0.0294,0.0068,0.0017,3e-4,2026-06-17
Scotland,C,4.202,-1.4309,0.772,0.2666,0.085,0.0243,0.0063,0.0018,2026-06-17
Senegal,I,3.3068,-1.2187,0.6104,0.2747,0.1189,0.044,0.0187,0.0076,2026-06-17
South Africa,A,1.9523,-3.0946,0.2776,0.0775,0.0179,0.0032,3e-4,0,2026-06-17
South Korea,A,5.7353,1.0265,0.9361,0.4559,0.1487,0.0455,0.0121,0.0031,2026-06-17
Spain,H,5.375,2.5636,0.9334,0.6625,0.472,0.3387,0.2078,0.1258,2026-06-17
Sweden,F,4.9956,2.8123,0.9425,0.3014,0.1404,0.0452,0.0141,0.005,2026-06-17
Switzerland,B,4.4962,1.1596,0.8229,0.4993,0.2348,0.0971,0.0391,0.0159,2026-06-17
Tunisia,F,1.636,-5.5857,0.1626,0.039,0.0139,0.005,0.0013,4e-4,2026-06-17
Turkiye,D,2.3475,-2.6453,0.3672,0.1349,0.0414,0.0116,0.003,0.0011,2026-06-17
United States,D,6.3707,3.9538,0.9768,0.6177,0.2871,0.1262,0.0508,0.019,2026-06-17
Uruguay,H,4.1652,0.5976,0.8037,0.3946,0.215,0.1135,0.0514,0.0219,2026-06-17
Uzbekistan,K,1.9279,-3.2224,0.2727,0.0748,0.0185,0.0045,8e-4,2e-4,2026-06-17
Algeria,J,3.2917,-2.1876,0.5881,0.2121,0.0792,0.0246,0.0068,0.0018,2026-06-18
Argentina,J,7.7978,6.283,0.996,0.6704,0.4945,0.3426,0.2239,0.1277,2026-06-18
Australia,D,5.7673,2.0503,0.9558,0.5379,0.2031,0.077,0.0289,0.0098,2026-06-18
Austria,J,4.9723,0.792,0.9255,0.3206,0.123,0.0434,0.0125,0.0031,2026-06-18
Belgium,G,5.2741,2.4228,0.9281,0.6503,0.3891,0.2012,0.0953,0.0437,2026-06-18
Bosnia and Herzegovina,B,2.6085,-2.6679,0.4563,0.1165,0.0333,0.0053,0.0012,3e-4,2026-06-18
Brazil,C,6.2185,4.6518,0.988,0.7366,0.5487,0.3673,0.2397,0.1522,2026-06-18
Canada,B,5.3735,6.0194,1,0.5137,0.1753,0.0529,0.0166,0.0037,2026-06-18
Cape Verde,H,2.6151,-1.5942,0.3994,0.0714,0.0151,0.0021,4e-4,0,2026-06-18
Colombia,K,6.3685,2.8972,0.9815,0.6481,0.3939,0.1932,0.0975,0.0428,2026-06-18
Croatia,L,4.3503,0.4064,0.8301,0.4046,0.1813,0.0849,0.0353,0.0146,2026-06-18
Curaçao,E,1.041,-8.7376,0.0745,0.0094,0.0011,0,0,0,2026-06-18
Czechia,A,1.792,-1.8154,0.2004,0.0626,0.0223,0.005,0.0011,1e-4,2026-06-18
DR Congo,K,2.9624,-1.0964,0.5053,0.1398,0.0404,0.0099,0.0016,5e-4,2026-06-18
Ecuador,E,3.5311,0.2687,0.7491,0.3778,0.1674,0.0674,0.0283,0.01,2026-06-18
Egypt,G,3.9974,0.3971,0.7391,0.3391,0.1234,0.0411,0.0123,0.0035,2026-06-18
England,L,7.9662,5.5918,0.9966,0.7278,0.5112,0.296,0.1744,0.1014,2026-06-18
France,I,7.3824,4.5077,0.9913,0.6891,0.4191,0.2561,0.1346,0.0691,2026-06-18
Germany,E,6.6016,7.2333,0.995,0.6579,0.3351,0.1766,0.0865,0.0394,2026-06-18
Ghana,L,4.0636,-1.722,0.7267,0.1632,0.0442,0.0102,0.0017,1e-4,2026-06-18
Haiti,C,0.545,-5.6127,0.0342,0.0057,6e-4,0,0,0,2026-06-18
Iran,G,3.4481,-0.4422,0.6212,0.3236,0.1262,0.0465,0.0176,0.0047,2026-06-18
Iraq,I,1.208,-5.3595,0.1162,0.0267,0.0058,0.0011,1e-4,0,2026-06-18
Ivory Coast,E,5.9412,1.2356,0.945,0.3823,0.1141,0.0381,0.0108,0.0026,2026-06-18
Japan,F,4.5073,1.076,0.817,0.3329,0.1811,0.0816,0.0327,0.0138,2026-06-18
Jordan,J,1.1156,-4.8874,0.1349,0.0314,0.0074,9e-4,2e-4,0,2026-06-18
Mexico,A,7.9635,3.8154,1,0.5267,0.1806,0.0639,0.0227,0.0086,2026-06-18
Morocco,C,5.3593,2.389,0.933,0.5265,0.3106,0.1592,0.0782,0.036,2026-06-18
Netherlands,F,4.8934,1.7077,0.8727,0.407,0.2579,0.1385,0.0658,0.0326,2026-06-18
New Zealand,G,2.2576,-2.3777,0.2983,0.0772,0.0105,0.0022,2e-4,0,2026-06-18
Norway,I,5.1706,2.078,0.9604,0.4672,0.1812,0.0711,0.0273,0.0105,2026-06-18
Panama,L,0.8939,-4.2762,0.108,0.0186,0.0046,7e-4,1e-4,0,2026-06-18
Paraguay,D,2.4341,-3.364,0.3827,0.1464,0.046,0.0157,0.0043,9e-4,2026-06-18
Portugal,K,4.6923,1.3958,0.8626,0.5918,0.3622,0.2095,0.1088,0.0565,2026-06-18
Qatar,B,2.1507,-6.3321,0.2991,0.0524,0.0094,0.001,1e-4,0,2026-06-18
Saudi Arabia,H,2.9055,-1.5475,0.4996,0.1206,0.0326,0.0073,0.0011,3e-4,2026-06-18
Scotland,C,4.2094,-1.4281,0.8065,0.2788,0.0847,0.023,0.0061,0.0016,2026-06-18
Senegal,I,3.3012,-1.2262,0.6234,0.2767,0.1207,0.0458,0.0163,0.0056,2026-06-18
South Africa,A,1.8916,-2.6717,0.2144,0.054,0.0125,0.0021,4e-4,2e-4,2026-06-18
South Korea,A,4.8528,0.6717,0.9108,0.3698,0.129,0.041,0.0124,0.0023,2026-06-18
Spain,H,5.3682,2.5206,0.9382,0.6691,0.4828,0.3479,0.2187,0.1363,2026-06-18
Sweden,F,4.9907,2.8037,0.9484,0.309,0.1384,0.049,0.0161,0.0037,2026-06-18
Switzerland,B,5.3474,2.9806,1,0.6388,0.2918,0.129,0.0544,0.0174,2026-06-18
Tunisia,F,1.6408,-5.5874,0.1728,0.0466,0.0176,0.0046,0.0015,1e-4,2026-06-18
Turkiye,D,2.3724,-2.6065,0.39,0.1537,0.0456,0.0147,0.0043,0.0011,2026-06-18
United States,D,6.362,3.9202,0.975,0.6511,0.3108,0.1336,0.0537,0.021,2026-06-18
Uruguay,H,4.1754,0.6211,0.8154,0.3912,0.2124,0.1087,0.0464,0.02,2026-06-18
Uzbekistan,K,1.943,-3.1966,0.2934,0.0753,0.0222,0.0065,0.0011,4e-4,2026-06-18
Algeria,J,3.2943,-2.1953,0.5883,0.2117,0.0822,0.0265,0.0071,0.0011,2026-06-19
Argentina,J,7.8125,6.3179,0.9972,0.6842,0.5088,0.3529,0.2282,0.1303,2026-06-19
Australia,D,4.5639,0.2845,0.9396,0.4589,0.1488,0.0654,0.0249,0.0075,2026-06-19
Austria,J,4.9688,0.7758,0.9333,0.3168,0.1215,0.0425,0.0132,0.004,2026-06-19
Belgium,G,5.2694,2.4042,0.9221,0.6445,0.371,0.1837,0.0911,0.0434,2026-06-19
Bosnia and Herzegovina,B,2.5998,-2.6627,0.4491,0.102,0.0262,0.0047,0.0012,3e-4,2026-06-19
Brazil,C,6.4177,4.6638,1,0.7406,0.5488,0.365,0.2401,0.1563,2026-06-19
Canada,B,5.3768,6.0211,1,0.5084,0.1749,0.053900000000000003,0.0185,0.0048,2026-06-19
Cape Verde,H,2.617,-1.5899,0.4043,0.0724,0.0124,0.0016,2e-4,0,2026-06-19
Colombia,K,6.3531,2.8769,0.9836,0.6535,0.3982,0.1989,0.0982,0.0452,2026-06-19
Croatia,L,4.3471,0.427,0.8351,0.4011,0.1813,0.0871,0.0357,0.0135,2026-06-19
Curaçao,E,0.989,-8.8303,0.0654,0.0075,5e-4,0,0,0,2026-06-19
Czechia,A,1.8017,-1.8089,0.1998,0.0594,0.0196,0.0052,0.0011,2e-4,2026-06-19
DR Congo,K,2.9353,-1.126,0.4939,0.1381,0.0399,0.0104,0.002,4e-4,2026-06-19
Ecuador,E,3.549,0.3029,0.7648,0.396,0.1738,0.0732,0.0294,0.0111,2026-06-19
Egypt,G,4.0422,0.4456,0.7494,0.3461,0.1153,0.0367,0.0113,0.0029,2026-06-19
England,L,7.9798,5.5901,0.9963,0.7206,0.5163,0.2923,0.1716,0.0975,2026-06-19
France,I,7.3713,4.4592,0.9919,0.6851,0.4173,0.2485,0.1307,0.0675,2026-06-19
Germany,E,6.5817,7.2264,0.9968,0.6657,0.3375,0.1805,0.091,0.0393,2026-06-19
Ghana,L,4.0682,-1.7233,0.7301,0.1634,0.0409,0.0083,0.0015,1e-4,2026-06-19
Haiti,C,0.4222,-5.598,0,0,0,0,0,0,2026-06-19
Iran,G,3.4412,-0.4494,0.6137,0.3332,0.13,0.0522,0.0194,0.006,2026-06-19
Iraq,I,1.1738,-5.3838,0.1102,0.0234,0.0055,0.0016,0,0,2026-06-19
Ivory Coast,E,5.999,1.301,0.9497,0.3844,0.1112,0.0376,0.0103,0.0032,2026-06-19
Japan,F,4.502,1.0831,0.8176,0.3177,0.1713,0.0819,0.0366,0.0147,2026-06-19
Jordan,J,1.1241,-4.8984,0.1345,0.0335,0.0081,0.0011,3e-4,0,2026-06-19
Mexico,A,7.9528,3.8089,1,0.5359,0.1834,0.062,0.0215,0.0098,2026-06-19
Morocco,C,6.4091,2.598,1,0.5699,0.3493,0.1815,0.0828,0.0365,2026-06-19
Netherlands,F,4.8966,1.7059,0.8727,0.3882,0.2421,0.1285,0.0649,0.0293,2026-06-19
New Zealand,G,2.241,-2.4004,0.2918,0.0781,0.0138,0.0019,3e-4,1e-4,2026-06-19
Norway,I,5.2048,2.1399,0.9698,0.4656,0.1794,0.0678,0.0256,0.0079,2026-06-19
Panama,L,0.8817,-4.2938,0.106,0.018,0.0041,8e-4,1e-4,0,2026-06-19
Paraguay,D,4.137,-2.2845,0.7743,0.293,0.0827,0.0286,0.0086,0.0021,2026-06-19
Portugal,K,4.7299,1.4251,0.8723,0.5947,0.3717,0.2145,0.1138,0.0578,2026-06-19
Qatar,B,2.1468,-6.3373,0.2953,0.0431,0.0093,6e-4,1e-4,0,2026-06-19
Saudi Arabia,H,2.9315,-1.518,0.5071,0.1175,0.0314,0.0061,9e-4,3e-4,2026-06-19
Scotland,C,3.417,-1.6638,0.7148,0.2494,0.0674,0.0179,0.0042,7e-4,2026-06-19
Senegal,I,3.3198,-1.2153,0.6374,0.2887,0.1213,0.0486,0.018,0.0062,2026-06-19
South Africa,A,1.8949,-2.6607,0.2132,0.0554,0.0099,0.0018,1e-4,0,2026-06-19
South Korea,A,4.845,0.6607,0.9225,0.3815,0.1291,0.0421,0.0113,0.0032,2026-06-19
Spain,H,5.3639,2.5155,0.9339,0.6631,0.4725,0.3353,0.2065,0.1286,2026-06-19
Sweden,F,4.9955,2.7788,0.9492,0.2904,0.1351,0.0471,0.0137,0.0045,2026-06-19
Switzerland,B,5.3348,2.9789,1,0.6353,0.2869,0.124,0.0504,0.0189,2026-06-19
Tunisia,F,1.6498,-5.5678,0.1709,0.04,0.0159,0.0043,9e-4,3e-4,2026-06-19
Turkiye,D,0.9683,-3.6461,0,0,0,0,0,0,2026-06-19
United States,D,7.7981,5.6461,1,0.748,0.3921,0.1596,0.0616,0.0232,2026-06-19
Uruguay,H,4.1575,0.5924,0.8024,0.3924,0.2172,0.1097,0.0496,0.021,2026-06-19
Uzbekistan,K,1.9551,-3.176,0.2997,0.0836,0.0241,0.0056,0.0015,3e-4,2026-06-19
Algeria,J,3.3002,-2.1614,0.6112,0.2131,0.0804,0.0276,0.0073,0.0019,2026-06-20
Argentina,J,7.7645,6.2556,0.9971,0.6743,0.5029,0.3436,0.2224,0.1282,2026-06-20
Australia,D,4.5776,0.286,0.9625,0.4628,0.146,0.0628,0.0228,0.006,2026-06-20
Austria,J,4.9856,0.7705,0.9445,0.3307,0.1249,0.042,0.0117,0.0032,2026-06-20
Belgium,G,5.2708,2.4114,0.9257,0.6569,0.3853,0.1945,0.0907,0.0411,2026-06-20
Bosnia and Herzegovina,B,2.5911,-2.6715,0.4491,0.0975,0.0244,0.0038,3e-4,0,2026-06-20
Brazil,C,6.4178,4.688,1,0.7357,0.5577,0.3718,0.2442,0.1578,2026-06-20
Canada,B,5.3681,6.0224,1,0.5144,0.1757,0.0542,0.018,0.0046,2026-06-20
Cape Verde,H,2.6026,-1.5975,0.3995,0.0736,0.0128,0.0023,4e-4,0,2026-06-20
Colombia,K,6.3559,2.8582,0.9867,0.6613,0.4041,0.2031,0.097,0.0444,2026-06-20
Croatia,L,4.3625,0.4226,0.8447,0.41,0.1883,0.0902,0.0354,0.014,2026-06-20
Curaçao,E,1.5873,-7.2083,0.1256,0.0149,6e-4,0,0,0,2026-06-20
Czechia,A,1.8126,-1.8118,0.2155,0.0685,0.0222,0.0048,6e-4,1e-4,2026-06-20
DR Congo,K,2.9625,-1.0887,0.5077,0.1402,0.0426,0.0111,0.0016,3e-4,2026-06-20
Ecuador,E,2.1281,-1.3367,0.3032,0.1463,0.0654,0.0292,0.0118,0.0053,2026-06-20
Egypt,G,4.0083,0.3891,0.7411,0.3423,0.122,0.0427,0.0153,0.0031,2026-06-20
England,L,7.995,5.6486,0.9967,0.732,0.5273,0.2962,0.174,0.1024,2026-06-20
France,I,7.3627,4.4829,0.9928,0.7142,0.4174,0.2468,0.1316,0.0683,2026-06-20
Germany,E,7.6087,7.3367000000000004,1,0.7102,0.3818,0.2101,0.1072,0.0476,2026-06-20
Ghana,L,4.0564,-1.7142,0.7707,0.1675,0.0436,0.01,0.0017,4e-4,2026-06-20
Haiti,C,0.4106,-5.6178,0,0,0,0,0,0,2026-06-20
Iran,G,3.4485,-0.4409,0.6295,0.3372,0.1337,0.0509,0.0175,0.0053,2026-06-20
Iraq,I,1.1771,-5.3825,0.1237,0.0279,0.0065,0.0013,3e-4,0,2026-06-20
Ivory Coast,E,5.2025,1.2083,0.9511,0.3574,0.0964,0.0307,0.0091,0.0024,2026-06-20
Japan,F,4.49,1.074,0.8095,0.3082,0.1684,0.0769,0.0351,0.0143,2026-06-20
Jordan,J,1.1306,-4.8647,0.1475,0.035,0.0087,0.0013,3e-4,1e-4,2026-06-20
Mexico,A,7.9349,3.8118,1,0.5677,0.1948,0.0673,0.024,0.0086,2026-06-20
Morocco,C,6.4116,2.6178,1,0.5378,0.3357,0.1712,0.0797,0.0339,2026-06-20
Netherlands,F,6.0275,4.9418,1,0.4583,0.2945,0.1475,0.0719,0.0315,2026-06-20
New Zealand,G,2.2687,-2.3596,0.3086,0.0845,0.0142,0.0034,2e-4,1e-4,2026-06-20
Norway,I,5.1825,2.1035,0.9731,0.5196,0.1874,0.0705,0.0251,0.0084,2026-06-20
Panama,L,0.8689,-4.357,0.107,0.0198,0.0055,9e-4,0,0,2026-06-20
Paraguay,D,4.1204,-2.286,0.8162,0.2688,0.0768,0.0257,0.0087,0.0024,2026-06-20
Portugal,K,4.7211,1.4533,0.8699,0.5943,0.3642,0.2047,0.1068,0.0532,2026-06-20
Qatar,B,2.1606,-6.3285,0.302,0.0456,0.0084,8e-4,2e-4,0,2026-06-20
Saudi Arabia,H,2.9181,-1.5152,0.5098,0.1191,0.0309,0.0071,0.0012,3e-4,2026-06-20
Scotland,C,3.4225,-1.688,0.7757,0.2568,0.0658,0.0181,0.0045,0.0014,2026-06-20
Senegal,I,3.3433,-1.2039,0.6485,0.3196,0.1238,0.0479,0.0208,0.0069,2026-06-20
South Africa,A,1.8926,-2.6547,0.2126,0.0541,0.0106,0.0021,5e-4,1e-4,2026-06-20
South Korea,A,4.8433,0.6547,0.9341,0.381,0.126,0.0397,0.012,0.0028,2026-06-20
Spain,H,5.3902,2.5318,0.936,0.6628,0.4759,0.3383,0.214,0.1347,2026-06-20
Sweden,F,4.0947,-0.4192,0.8918,0.2651,0.1101,0.0393,0.0127,0.0045,2026-06-20
Switzerland,B,5.3492,2.9776,1,0.6392,0.2848,0.1226,0.0486,0.0162,2026-06-20
Tunisia,F,1.6472,-5.5966,0.1635,0.0386,0.0161,0.0046,0.0014,2e-4,2026-06-20
Turkiye,D,0.9799,-3.644,0,0,0,0,0,0,2026-06-20
United States,D,7.7932,5.644,1,0.7543,0.3937,0.1629,0.0615,0.0234,2026-06-20
Uruguay,H,4.16,0.5809,0.8122,0.4013,0.2167,0.1112,0.0486,0.0204,2026-06-20
Uzbekistan,K,1.9377,-3.2228,0.3034,0.0796,0.025,0.0063,0.0013,2e-4,2026-06-20
Algeria,J,3.3177,-2.1693,0.609,0.1983,0.0767,0.0264,0.0084,0.002,2026-06-21
Argentina,J,7.7799,6.2807,0.9968,0.7729,0.5576,0.3875,0.2547,0.1485,2026-06-21
Australia,D,4.5724,0.2848,0.9546,0.3952,0.1307,0.0547,0.022,0.0071,2026-06-21
Austria,J,4.9775,0.7927,0.9412,0.3072,0.1186,0.0392,0.01,0.0024,2026-06-21
Belgium,G,4.4769,1.8243,0.9217,0.6389,0.3309,0.173,0.0886,0.0379,2026-06-21
Bosnia and Herzegovina,B,2.6132,-2.6593,0.4557,0.1013,0.029,0.0044,6e-4,0,2026-06-21
Brazil,C,6.4178,4.657,1,0.7169,0.5403,0.3664,0.2365,0.1536,2026-06-21
Canada,B,5.3825,6.0253,1,0.4962,0.1693,0.0515,0.0151,0.0044,2026-06-21
Cape Verde,H,3.1156,-0.28,0.5892,0.0858,0.015,0.0024,4e-4,1e-4,2026-06-21
Colombia,K,6.3944,2.9133,0.988,0.6634,0.402,0.2002,0.1001,0.044,2026-06-21
Croatia,L,4.3453,0.4162,0.847,0.4085,0.171,0.0811,0.03,0.0113,2026-06-21
Curaçao,E,1.6118,-7.173,0.1314,0.0149,0.0011,1e-4,0,0,2026-06-21
Czechia,A,1.8044,-1.8056,0.2069,0.0745,0.0266,0.0055,0.0015,4e-4,2026-06-21
DR Congo,K,2.9404,-1.1025,0.503,0.1385,0.0366,0.0109,0.0024,7e-4,2026-06-21
Ecuador,E,2.1145,-1.3646,0.2926,0.145,0.063,0.0251,0.0103,0.0044,2026-06-21
Egypt,G,5.1789,1.8061,0.9999,0.4664,0.1852,0.0542,0.0155,0.0033,2026-06-21
England,L,8.0148,5.6709,0.9966,0.7348,0.5212,0.2993,0.1715,0.099,2026-06-21
France,I,7.3517,4.4677,0.992,0.7156,0.4149,0.2395,0.1303,0.0668,2026-06-21
Germany,E,7.6212,7.3646,1,0.7087,0.3882,0.2158,0.1067,0.0468,2026-06-21
Ghana,L,4.0468,-1.7332,0.7559,0.1667,0.0417,0.0088,0.0017,3e-4,2026-06-21
Haiti,C,0.413,-5.6119,0,0,0,0,0,0,2026-06-21
Iran,G,3.5098,0.1939,0.7324,0.3846,0.1554,0.0567,0.0197,0.0064,2026-06-21
Iraq,I,1.1832,-5.3814,0.1173,0.0264,0.006,7e-4,0,0,2026-06-21
Ivory Coast,E,5.1715,1.173,0.9501,0.3612,0.0967,0.031,0.0091,0.0022,2026-06-21
Japan,F,5.6567,4.4239,1,0.387,0.208,0.0948,0.0378,0.016,2026-06-21
Jordan,J,1.1155,-4.9041,0.1456,0.0327,0.0073,0.0011,1e-4,0,2026-06-21
Mexico,A,7.9483,3.8056,1,0.5461,0.1859,0.0609,0.0209,0.0084,2026-06-21
Morocco,C,6.4167,2.6119,1,0.5345,0.3349,0.1688,0.0787,0.0342,2026-06-21
Netherlands,F,6.0113,4.9321,1,0.4359,0.2821,0.1418,0.065,0.0272,2026-06-21
New Zealand,G,1.3784,-3.8243,0.0788,0.0208,0.0035,7e-4,0,0,2026-06-21
Norway,I,5.1637,2.0939,0.9715,0.5167,0.1826,0.0687,0.0236,0.0075,2026-06-21
Panama,L,0.8748,-4.3539,0.108,0.0199,0.0038,8e-4,0,0,2026-06-21
Paraguay,D,4.123,-2.2848,0.8074,0.2425,0.0713,0.024,0.0078,0.0016,2026-06-21
Portugal,K,4.6975,1.3823,0.8646,0.5864,0.3466,0.2005,0.1084,0.0534,2026-06-21
Qatar,B,2.138,-6.3407,0.2954,0.0442,0.0099,0.001,1e-4,0,2026-06-21
Saudi Arabia,H,2.5674,-3.72,0.4162,0.0814,0.0218,0.0041,8e-4,2e-4,2026-06-21
Scotland,C,3.4213,-1.657,0.7623,0.2596,0.0706,0.0191,0.0042,0.0011,2026-06-21
Senegal,I,3.3662,-1.1802,0.6587,0.328,0.1358,0.0486,0.0175,0.0066,2026-06-21
South Africa,A,1.9007,-2.6371000000000002,0.2139,0.0569,0.0121,0.0019,3e-4,0,2026-06-21
South Korea,A,4.8337,0.6371,0.9307,0.3912,0.1285,0.0402,0.0117,0.0033,2026-06-21
Spain,H,5.8521,4.6727,1,0.7475,0.5267,0.3871,0.235,0.1439,2026-06-21
Sweden,F,4.0957,-0.4239,0.9474,0.296,0.1187,0.044,0.0142,0.0042,2026-06-21
Switzerland,B,5.3423,2.9747,1,0.6301,0.276,0.1142,0.045,0.015,2026-06-21
Tunisia,F,0.7567,-8.9321,0,0,0,0,0,0,2026-06-21
Turkiye,D,0.9749,-3.6643,0,0,0,0,0,0,2026-06-21
United States,D,7.8002,5.6643,1,0.756,0.4256,0.1656,0.0627,0.0235,2026-06-21
Uruguay,H,2.8909,-0.6727,0.5047,0.2815,0.146,0.07,0.03,0.012,2026-06-21
Uzbekistan,K,1.9387,-3.1931,0.3135,0.0832,0.0246,0.0077,0.0011,3e-4,2026-06-21
